{"cameraMode":{"drawMode":0,"name":"Shaded","section":"Shading Mode"},"sceneLighting":false,"audioPlay":false,"sceneViewState":{"m_AlwaysRefresh":false,"showFog":true,"showSkybox":false,"showFlares":true,"showImageEffects":true,"showParticleSystems":true,"showVisualEffectGraphs":true,"m_FxEnabled":false},"in2DMode":false,"pivot":{"x":669.8063354492188,"y":3.941829204559326,"z":45.86404037475586},"rotation":{"x":-0.0000709121668478474,"y":-0.9999308586120606,"z":0.007499824743717909,"w":-0.009888174943625927},"size":7.430492401123047,"orthographic":false}