{"cameraMode":{"drawMode":0,"name":"Shaded","section":"Shading Mode"},"sceneLighting":false,"audioPlay":false,"sceneViewState":{"m_AlwaysRefresh":false,"showFog":true,"showSkybox":false,"showFlares":true,"showImageEffects":true,"showParticleSystems":true,"showVisualEffectGraphs":true,"m_FxEnabled":false},"in2DMode":false,"pivot":{"x":432.260498046875,"y":0.12399959564208985,"z":311.7540283203125},"rotation":{"x":-0.39066943526268008,"y":-0.013260642997920514,"z":0.005630445200949907,"w":-0.9204265475273132},"size":249.36351013183595,"orthographic":false}